LastName,FirstName,YearOfBirth,Password   (Generated with generatedata.com)
Raymond,Mason,1948,PKG45VML7FR
Copeland,Trevor,1984,DND14OBJ3JF
Mcguire,Donovan,1999,KWF35TXP4LP
Douglas,Candice,1983,WVH80FZC3HG
Deleon,Charissa,1958,DGY51FNO9FW
Mcfarland,April,1952,GFQ76RHG4ED
Hunter,Chantale,1995,DWU66OEX2LL
Walters,Sonya,1921,QQU77BPA5ME
Terrell,Patrick,1950,LSG05FAY6YC
Hart,Martha,1976,BXP10GHJ4RA
Ramos,Teegan,1963,SHX17URV9OD
Allison,Quinlan,1949,NKZ46KMK1SJ
Vazquez,Lillith,1938,GQE37WKG0AT
Hull,Avram,1971,IZL57ZCS6BF
Stewart,Omar,1944,LWD51KNX0JY
Owens,Hunter,1931,LIE52YTG4PY
Wynn,Kennedy,1994,XIB81DDE3NT
Ray,Byron,1971,RTN24EKY8PQ
Curry,Xerxes,1966,RLG15VMH8CO
Jacobson,Faith,1953,DTC18QHC7IH
Ross,Rhea,1938,HEP85TLN4UI
Jordan,Stacy,1935,GHI76ZYT2NY
Gay,Dai,1950,DMC63THC5VP
Tucker,Regan,1931,UHW30UOZ8XL
Miller,Janna,1937,QGE52QWL8OT
Massey,Lila,1953,ZRC90GML8SY
Tucker,Chaney,2000,UJS21FPD2JX
Olsen,Martina,1959,LRV61TYE4IP
Jacobson,Chase,1962,CIB60YJW6HJ
Burgess,Chloe,1945,TAV47AMI3DP
Tanner,Ralph,1981,DAO40JPZ5LI
Jacobs,Kuame,1995,CWD47HEA0AN
Chandler,Fitzgerald,1954,YTC78IQU8JP
Hayden,Kelsey,1922,WFW76QUX2PX
Edwards,Mariam,1956,TNN71PGO0ZA
Cruz,Joshua,1939,IAM98QUO3EB
Harper,Michelle,1934,KXI33XRA6KE
Hernandez,Fritz,1950,NAK19KQH6ZL
Guerrero,Brennan,1962,KRY72JCQ9UB
Marks,Clayton,1977,FJU08IVE8CT
Estrada,Autumn,1946,NOA81VDZ8GU
Ashley,Coby,1974,THX18HLK5MW
Farmer,Isaac,1957,NTZ00NVU5JM
Sampson,Martena,1920,WXP50ZJK5CH
Chaney,Riley,1965,PVP60QTX4EX
Vazquez,Athena,1978,CPE30MWK5NT
Chang,Ria,1946,YQY55PLA4TU
Mckay,Yen,1974,HQY52FFT1TB
Wong,Hadley,1940,LCH07RHU0TK
Fry,Sybill,1943,GJW28JJI6LY
Payne,Oren,1951,BYO49ZTE2GA
Brooks,Iris,1941,GUI54GZM6DZ
Schwartz,Deacon,1984,HVM48FSN5VG
Fields,Hollee,1969,FIZ34KLR8IM
Santos,Caryn,1992,SRQ92CDG2CQ
Bennett,Slade,1968,BIT50FDU2KO
Tran,Cecilia,1924,QAU14OHS7KU
Lyons,Austin,1981,WSZ76ULP5WC
Cummings,Ayanna,1972,GXB91MNB7ZN
Hicks,Cora,1951,NJW91BWG6JV
Talley,Hilary,1931,JRJ29EXP9QO
Galloway,Hakeem,1995,LAU21WOG8NE
Chandler,Tasha,1941,BEO33GTU9VS
Walter,Aubrey,1952,TKL05RIX6OI
Aguirre,Ivor,1922,TCV72AEG7GJ
Ballard,Jocelyn,1996,PQC64JGW8YX
Duran,Zane,1961,TZR61JPQ4LY
Bruce,Kelly,1920,RUN49VFH6SK
Moreno,Sophia,1950,TVE81QFW6UJ
Barry,Stephanie,1950,DGJ80QTR9FU
Barrera,Deirdre,1922,MAA29QQT0DG
Flowers,Victoria,1940,UIY60SKB6KT
Chavez,Hop,1982,IZC39AWL7EG
Simon,Wayne,1980,LDW35ORP6AA
Blackwell,Tucker,1995,MKK47IGC6KE
Oneill,Jack,2001,QFS20WJX1JL
Rivers,Elmo,1948,KHQ80TRF2HQ
Donaldson,Maryam,1972,LXO56RGM1JX
Watts,Alana,1946,BQI84HZM7IV
Blackwell,Wing,1988,WSM70TUA1NQ
Gates,Lydia,2004,XOO69XNY7FC
Clements,Lamar,1920,MRN49BWR5CA
Avila,Ira,1939,UFH41VRC3XH
Faulkner,Christian,1989,XRS55XEP8VF
Sheppard,Felix,1921,MBH47HYZ6TU
Blackburn,Cain,1958,DFA76YQD7FL
Baxter,Branden,1966,YOS48IDR6WW
Matthews,May,1952,ZAM73AOO4JO
Best,Lillith,1973,LHI06NYY8RE
Whitehead,Fletcher,1961,NTS81TVC1HW
Anderson,Brynn,1931,SUK11LLL8ET
Pitts,Jameson,1993,SKI03IHW0ZV
Murphy,Murphy,1967,EUI54KQK5HW
Peters,Alexander,1944,ITH43AEB6FS
Bartlett,Brooke,1922,DST72IMG6BM
Gates,Rhiannon,1931,GAS95SKF2GA
Tyler,Fulton,1961,GVA27VIN3EG
Battle,Sacha,1999,LYR53NIR0ZM
Allen,Reese,1980,BLI04TZX9US
Durham,Boris,1920,CYD44IIN6HS
Boris,Durham,1920,ABD45KIY983